iter,epoch,first_entry,cpu_mem,cpu_mem_perc,gpu_mem,gpu_mem_perc,iteration_time,iteration_time_cpu,iteration_time_sum,iteration_time_sum_cpu,load_time,load_time_cpu,load_time_sum,load_time_sum_cpu,model_time,model_time_cpu,model_time_sum,model_time_sum_cpu,model_forward_time,model_forward_time_cpu,model_forward_time_sum,model_forward_time_sum_cpu,edge_accuracy,edge_loss,edge_count,loss,accuracy
0,0.008403361344537815,0,58.805178368,11.6,0.0,0.0,0.0979607105255127,0.09739246100002674,328.26163506507874,325.76477197699927,0.02721261978149414,0.027023910999957934,76.65770435333252,75.73378879399901,0.07070517539978027,0.0703274839999608,251.4597873687744,249.8939900469998,0.0706777572631836,0.07030110499999864,251.3589150905609,249.79889683099756,0.9960474308300395,0.012603587470948696,506,0.012603587470948696,0.9960474308300395
1,0.01680672268907563,32,58.806083584,11.6,0.0,0.0,0.09546947479248047,0.09490527700000939,328.3571045398712,325.8596772539993,0.02257513999938965,0.022401672999990296,76.68027949333191,75.756190466999,0.07285428047180176,0.07246488800001316,251.53264164924622,249.9664549349998,0.07282686233520508,0.07243857800000342,251.43174195289612,249.87133540899757,0.996268656716418,0.008935158140957355,536,0.008935158140957355,0.996268656716418
2,0.025210084033613446,64,58.806771712,11.6,0.0,0.0,0.08990740776062012,0.0893807969999898,328.44701194763184,325.94905805099927,0.021385908126831055,0.021228726000003917,76.70166540145874,75.777419192999,0.0684814453125,0.06811389400002099,251.60112309455872,250.03456882899982,0.06845307350158691,0.06808648300000186,251.5001950263977,249.93942189199757,1.0,0.004613781347870827,494,0.004613781347870827,1.0
3,0.03361344537815126,96,58.807287808,11.6,0.0,0.0,0.11444354057312012,0.11382636499996579,328.56145548820496,326.06288441599924,0.024636507034301758,0.024460148000002846,76.72630190849304,75.80187934099901,0.08976578712463379,0.08932706699999926,251.69088888168335,250.12389589599982,0.0897374153137207,0.08929990000001453,251.58993244171143,250.02872179199758,0.9970674486803519,0.008475566282868385,682,0.008475566282868385,0.9970674486803519
4,0.04201680672268908,128,58.807631872,11.6,0.0,0.0,0.09786391258239746,0.0973058749999609,328.65931940078735,326.1601902909992,0.02353835105895996,0.023364349000019047,76.749840259552,75.82524368999903,0.07428455352783203,0.07390199099995698,251.76517343521118,250.19779788699978,0.07425665855407715,0.07387568100000408,251.6641891002655,250.1025974729976,0.9944237918215614,0.009879027493298054,538,0.009879027493298054,0.9944237918215614
5,0.05042016806722689,160,58.808147968,11.6,0.0,0.0,0.12153387069702148,0.12081827599996586,328.7808532714844,326.28100856699916,0.024421215057373047,0.024233530999993036,76.77426147460938,75.84947722099902,0.09706664085388184,0.09654106900001125,251.86224007606506,250.2943389559998,0.09703373908996582,0.09651029599996264,251.76122283935547,250.19910776899755,0.9973890339425587,0.010779025964438915,766,0.010779025964438915,0.9973890339425587
6,0.058823529411764705,192,58.817953792,11.6,0.0,0.0,0.11801505088806152,0.11731000399998948,328.89886832237244,326.39831857099915,0.027561187744140625,0.027357771999959368,76.80182266235352,75.87683499299898,0.09040689468383789,0.08990782199998648,251.9526469707489,250.38424677799978,0.09037303924560547,0.0898759830000131,251.85159587860107,250.28898375199756,0.9971590909090909,0.008941571228206158,704,0.008941571228206158,0.9971590909090909
7,0.06722689075630252,224,58.824146944,11.6,0.0,0.0,0.07541418075561523,0.07491771799999469,328.97428250312805,326.47323628899915,0.020720243453979492,0.020556648000024325,76.8225429058075,75.897391640999,0.054646968841552734,0.0543163870000285,252.00729393959045,250.4385631649998,0.05461430549621582,0.05428530500000761,251.9062101840973,250.34326905699757,1.0,0.0024397375527769327,360,0.0024397375527769327,1.0
8,0.07563025210084033,256,58.831343616,11.6,0.0,0.0,0.07853937149047852,0.07803347399999438,329.05282187461853,326.55126976299914,0.020066022872924805,0.019908627000006618,76.84260892868042,75.91730026799901,0.05842709541320801,0.05808106599999974,252.06572103500366,250.4966442309998,0.0583953857421875,0.058050880999985566,251.96460556983948,250.40131993799756,1.0,0.010841630399227142,398,0.010841630399227142,1.0
9,0.08403361344537816,288,58.840117248,11.6,0.0,0.0,0.10727429389953613,0.10662816299998212,329.16009616851807,326.6578979259991,0.023928165435791016,0.023749276000046393,76.86653709411621,75.94104954399906,0.0832984447479248,0.08283309000000827,252.1490194797516,250.5794773209998,0.08326148986816406,0.08279865800000152,252.04786705970764,250.48411859599756,0.9807073954983923,0.08898428082466125,622,0.08898428082466125,0.9807073954983923
10,0.09243697478991597,320,58.849488896,11.6,0.0,0.0,0.1045386791229248,0.10390085199998111,329.264634847641,326.7617987779991,0.024132728576660156,0.023952237999992576,76.89066982269287,75.96500178199905,0.08036065101623535,0.07990576400004556,252.22938013076782,250.65938308499986,0.08032727241516113,0.07987393899998096,252.1281943321228,250.56399253499754,0.9948805460750854,0.016813082620501518,586,0.016813082620501518,0.9948805460750854
11,0.10084033613445378,352,58.858504192,11.6,0.0,0.0,0.09552955627441406,0.09493823299999349,329.3601644039154,326.8567370109991,0.02269887924194336,0.02252847199997632,76.91336870193481,75.98753025399903,0.07277894020080566,0.07236545899996827,252.30215907096863,250.73174854399983,0.07274651527404785,0.07233477300002278,252.20094084739685,250.63632730799756,0.9961977186311787,0.018451903015375137,526,0.018451903015375137,0.9961977186311787
12,0.1092436974789916,384,58.866761728,11.6,0.0,0.0,0.10415410995483398,0.10351307700000234,329.46431851387024,326.9602500879991,0.027469873428344727,0.027267058000006728,76.94083857536316,76.01479731199903,0.07663893699645996,0.0762026579999997,252.3787980079651,250.80795120199983,0.07660484313964844,0.07617088099999592,252.2775456905365,250.71249818899756,1.0,0.0038789634127169847,558,0.0038789634127169847,1.0
13,0.11764705882352941,416,58.876567552,11.6,0.0,0.0,0.10969805717468262,0.10904982099998506,329.5740165710449,327.0692999089991,0.024143695831298828,0.023965272000054938,76.96498227119446,76.03876258399909,0.08550834655761719,0.08504033999997773,252.4643063545227,250.8929915419998,0.08547449111938477,0.08500897599998325,252.36302018165588,250.79750716499754,0.9891304347826086,0.01866537518799305,644,0.01866537518799305,0.9891304347826086
14,0.12605042016806722,448,58.886889472,11.6,0.0,0.0,0.10342955589294434,0.10283778899997742,329.67744612693787,327.17213769799906,0.023367643356323242,0.023185496999985844,76.98834991455078,76.06194808099907,0.08001446723937988,0.07960688399998617,252.54432082176208,250.9725984259998,0.07998061180114746,0.07957518899996785,252.44300079345703,250.8770823539975,0.9866666666666667,0.03674614429473877,600,0.03674614429473877,0.9866666666666667
15,0.13445378151260504,480,58.892050432,11.6,0.0,0.0,0.06027650833129883,0.0598587279999947,329.73772263526917,327.23199642599906,0.01886916160583496,0.01871839800003272,77.00721907615662,76.0806664789991,0.04136204719543457,0.041097492000005786,252.58568286895752,251.0136959179998,0.041330814361572266,0.04106782900004191,252.4843316078186,250.91815018299755,1.0,0.003335717134177685,246,0.003335717134177685,1.0
16,0.14285714285714285,512,58.900307968,11.6,0.0,0.0,0.09444499015808105,0.09387662599999658,329.83216762542725,327.32587305199905,0.02208995819091797,0.02191953999999896,77.02930903434753,76.1025860189991,0.07230949401855469,0.07191357099998186,252.65799236297607,251.08560948899978,0.07227873802185059,0.07188432899999952,252.55661034584045,250.99003451199755,0.99812734082397,0.009897098876535892,534,0.009897098876535892,0.99812734082397
17,0.15126050420168066,544,59.011719168,11.6,0.0,0.0,0.09674644470214844,0.09614780900000142,329.9289140701294,327.42202086099906,0.022924423217773438,0.02275478399997155,77.05223345756531,76.12534080299908,0.0737769603729248,0.0733498800000234,252.731769323349,251.1589593689998,0.07373952865600586,0.0733146050000073,252.63034987449646,251.06334911699756,1.0,0.005915368441492319,528,0.005915368441492319,1.0
18,0.15966386554621848,576,59.012440064,11.6,0.0,0.0,0.10509467124938965,0.10440226499997607,330.0340087413788,327.52642312599903,0.027748584747314453,0.027492901000016445,77.07998204231262,76.1528337039991,0.07729244232177734,0.07685872100000779,252.80906176567078,251.2358180899998,0.0772550106048584,0.07682381300003271,252.70760488510132,251.1401729299976,0.9927797833935018,0.016032032668590546,554,0.016032032668590546,0.9927797833935018
19,0.16806722689075632,608,59.01346816,11.6,0.0,0.0,0.1265707015991211,0.125843016000033,330.1605794429779,327.65226614199906,0.02603292465209961,0.025838861000011093,77.10601496696472,76.1786725649991,0.10048913955688477,0.09995731399999386,252.90955090522766,251.3357754039998,0.10045099258422852,0.09992195399996717,252.80805587768555,251.24009488399756,0.9974683544303797,0.01667996682226658,790,0.01667996682226658,0.9974683544303797
20,0.17647058823529413,640,59.013894144,11.6,0.0,0.0,0.09713339805603027,0.09653187000003527,330.25771284103394,327.7487980119991,0.02324509620666504,0.023059296000042195,77.12926006317139,76.20173186099915,0.07383990287780762,0.07342628999998624,252.98339080810547,251.4092016939998,0.0738065242767334,0.07339534100003675,252.88186240196228,251.3134902249976,1.0,0.003684332827106118,522,0.003684332827106118,1.0
21,0.18487394957983194,672,59.014291456,11.6,0.0,0.0,0.10934209823608398,0.10869465199999695,330.36705493927,327.8574926639991,0.024221420288085938,0.024036975999990773,77.15348148345947,76.22576883699914,0.08507180213928223,0.08461113299995304,253.06846261024475,251.49381282699974,0.0850377082824707,0.08457898400001795,252.96690011024475,251.3980692089976,0.9921135646687698,0.018460316583514214,634,0.018460316583514214,0.9921135646687698
22,0.19327731092436976,704,59.020484608,11.6,0.0,0.0,0.07721138000488281,0.07671373099998391,330.4442663192749,327.9342063949991,0.021900653839111328,0.021727188999989266,77.17538213729858,76.24749602599913,0.05526375770568848,0.05494128900005535,253.12372636795044,251.5487541159998,0.055231332778930664,0.054910901000027934,253.02213144302368,251.45298010999764,1.0,0.006439099088311195,352,0.006439099088311195,1.0
23,0.20168067226890757,736,59.022032896,11.6,0.0,0.0,0.12742948532104492,0.1267055050000181,330.57169580459595,328.0609118999991,0.026319265365600586,0.02612558999999237,77.20170140266418,76.27362161599912,0.10106372833251953,0.10053563000002441,253.22479009628296,251.64928974599982,0.1010293960571289,0.10050343400001793,253.1231608390808,251.55348354399766,0.9987437185929648,0.009378503076732159,796,0.009378503076732159,0.9987437185929648
24,0.21008403361344538,768,59.022032896,11.6,0.0,0.0,0.10999226570129395,0.10931833000000779,330.68168807029724,328.1702302299991,0.02759861946105957,0.02739289999999528,77.22930002212524,76.30101451599911,0.08234453201293945,0.08187862600004792,253.3071346282959,251.73116837199987,0.08230876922607422,0.08184523400001353,253.20546960830688,251.63532877799767,0.996742671009772,0.021071692928671837,614,0.021071692928671837,0.996742671009772
25,0.2184873949579832,800,59.022032896,11.6,0.0,0.0,0.09760785102844238,0.0970071919999782,330.7792959213257,328.2672374219991,0.023052215576171875,0.022871505000011894,77.25235223770142,76.32388602099913,0.0745081901550293,0.07409097400000064,253.38164281845093,251.80525934599987,0.07447481155395508,0.0740592349999929,253.27994441986084,251.70938801299766,0.9962406015037594,0.007647434715181589,532,0.007647434715181589,0.9962406015037594
26,0.226890756302521,832,59.0215168,11.6,0.0,0.0,0.1263895034790039,0.1256584289999978,330.9056854248047,328.3928958509991,0.025394201278686523,0.0251982159999784,77.2777464389801,76.3490842369991,0.10094904899597168,0.10041650900001287,253.4825918674469,251.90567585499988,0.10091614723205566,0.10038517799995361,253.3808605670929,251.80977319099762,0.9949109414758269,0.012955911457538605,786,0.012955911457538605,0.9949109414758269
27,0.23529411764705882,864,59.02409728,11.6,0.0,0.0,0.08955788612365723,0.08898461299997962,330.99524331092834,328.48188046399906,0.023034334182739258,0.02284286299999394,77.30078077316284,76.3719270999991,0.06647634506225586,0.06609675900000411,253.54906821250916,251.9717726139999,0.06644344329833984,0.06606604400002425,253.44730401039124,251.87583923499764,0.9934497816593887,0.015146657824516296,458,0.015146657824516296,0.9934497816593887
28,0.24369747899159663,896,59.073368064,11.6,0.0,0.0,0.1408998966217041,0.14010542799996983,331.13614320755005,328.62198589199903,0.027506113052368164,0.027306215999999495,77.32828688621521,76.3992333159991,0.11334800720214844,0.1127559290000022,253.6624162197113,252.0845285429999,0.1133110523223877,0.11272114199999805,253.56061506271362,251.98856037699764,0.9977477477477478,0.005660441238433123,888,0.005660441238433123,0.9977477477477478
29,0.25210084033613445,928,59.140931584,11.7,0.0,0.0,0.11094808578491211,0.11029639200000929,331.24709129333496,328.73228228399904,0.02409505844116211,0.023883511000008184,77.35238194465637,76.4231168269991,0.08679652214050293,0.08636037000002261,253.7492127418518,252.1708889129999,0.08675980567932129,0.08632543799996029,253.64737486839294,252.0748858149976,1.0,0.004382243845611811,636,0.004382243845611811,1.0
30,0.2605042016806723,960,59.140497408,11.7,0.0,0.0,0.09281754493713379,0.09223464400002968,331.3399088382721,328.82451692799907,0.0222470760345459,0.022069957000041995,77.37462902069092,76.44518678399915,0.07052278518676758,0.07011916299995846,253.81973552703857,252.24100807599987,0.07048773765563965,0.07008639499997571,253.71786260604858,252.14497220999758,1.0,0.0024098968133330345,520,0.0024098968133330345,1.0
31,0.2689075630252101,992,59.140497408,11.7,0.0,0.0,0.09961986541748047,0.09900170700001354,331.4395287036896,328.9235186349991,0.027426719665527344,0.027222249999965697,77.40205574035645,76.47240903399911,0.07213759422302246,0.07173175899998796,253.8918731212616,252.31273983499986,0.07210397720336914,0.07170060900000408,253.78996658325195,252.21667281899758,0.9961240310077519,0.016132213175296783,516,0.016132213175296783,0.9961240310077519
32,0.2773109243697479,1024,59.141472256,11.7,0.0,0.0,0.11222672462463379,0.11157228000001851,331.5517554283142,329.0350909149991,0.0238037109375,0.023625060000028952,77.42585945129395,76.49603409399914,0.08837628364562988,0.08790289000000939,253.98024940490723,252.40064272499987,0.08834195137023926,0.08787079200004655,253.8783085346222,252.30454361099763,0.9985119047619048,0.008175658993422985,672,0.008175658993422985,0.9985119047619048
33,0.2857142857142857,1056,59.141472256,11.7,0.0,0.0,0.08695816993713379,0.08640990899999679,331.63871359825134,329.1215008239991,0.02219390869140625,0.0220159870000316,77.44805335998535,76.51805008099917,0.06471872329711914,0.0643494389999546,254.04496812820435,252.46499216399982,0.06468582153320312,0.06431857000001173,253.9429943561554,252.36886218099764,1.0,0.0032865451648831367,446,0.0032865451648831367,1.0
34,0.29411764705882354,1088,59.141472256,11.7,0.0,0.0,0.09302115440368652,0.09244788299997708,331.73173475265503,329.2139487069991,0.022816896438598633,0.022638779000033082,77.47087025642395,76.54068885999921,0.07015705108642578,0.06976387700001396,254.11512517929077,252.53475604099984,0.07012248039245605,0.06973163300000351,254.01311683654785,252.43859381399764,0.9900793650793651,0.02354149892926216,504,0.02354149892926216,0.9900793650793651
35,0.3025210084033613,1120,59.141472256,11.7,0.0,0.0,0.0846247673034668,0.08409856899999113,331.8163595199585,329.29804727599907,0.021692752838134766,0.02152282899999136,77.49256300926208,76.5622116889992,0.06288671493530273,0.06253207800000382,254.17801189422607,252.59728811899984,0.06285333633422852,0.06250094700004638,254.07597017288208,252.5010947609977,0.975,0.06722524017095566,440,0.06722524017095566,0.975
36,0.31092436974789917,1152,59.142504448,11.7,0.0,0.0,0.08601164817810059,0.08547978399997191,331.9023711681366,329.38352705999904,0.022873401641845703,0.022693669000034333,77.51543641090393,76.58490535799923,0.0630943775177002,0.06274337999997215,254.24110627174377,252.6600314989998,0.06305980682373047,0.06271132099999477,254.1390299797058,252.56380608199768,1.0,0.0029882481321692467,430,0.0029882481321692467,1.0
37,0.31932773109243695,1184,59.142504448,11.7,0.0,0.0,0.11252498626708984,0.11184847200001968,332.0148961544037,329.49537553199906,0.028560876846313477,0.028340497999977288,77.54399728775024,76.61324585599921,0.08391690254211426,0.08346235999999863,254.3250231742859,252.7434938589998,0.08388185501098633,0.08342926700004227,254.2229118347168,252.64723534899773,0.998371335504886,0.006365729961544275,614,0.006365729961544275,0.998371335504886
38,0.3277310924369748,1216,59.143020544,11.7,0.0,0.0,0.09283685684204102,0.09227166699997724,332.1077330112457,329.58764719899904,0.022420883178710938,0.02225023699998019,77.56641817092896,76.63549609299919,0.07036995887756348,0.06997702199998912,254.39539313316345,252.8134708809998,0.07033634185791016,0.06994542600000386,254.2932481765747,252.71718077499773,0.9941176470588236,0.023390233516693115,510,0.023390233516693115,0.9941176470588236
39,0.33613445378151263,1248,59.143073792,11.7,0.0,0.0,0.08473539352416992,0.08424621699998625,332.1924684047699,329.671893415999,0.022212743759155273,0.022044453999967573,77.58863091468811,76.65754054699916,0.062476396560668945,0.062157642999977725,254.45786952972412,252.87562852399978,0.062442779541015625,0.06212594800001625,254.35569095611572,252.77930672299775,0.9840182648401826,0.07139098644256592,438,0.07139098644256592,0.9840182648401826
40,0.3445378151260504,1280,59.14304512,11.7,0.0,0.0,0.09362030029296875,0.09305176699996309,332.28608870506287,329.764945182999,0.022666454315185547,0.022489335999978266,77.6112973690033,76.68002988299914,0.0709083080291748,0.07051896600000873,254.5287778377533,252.9461474899998,0.07087564468383789,0.07048799400001826,254.42656660079956,252.84979471699776,0.9961240310077519,0.02770458534359932,516,0.02770458534359932,0.9961240310077519
41,0.35294117647058826,1312,59.250413568,11.7,0.0,0.0,0.10051965713500977,0.0999058609999679,332.3866083621979,329.86485104399895,0.02397775650024414,0.02379497699996591,77.63527512550354,76.7038248599991,0.07649517059326172,0.0760665079999967,254.60527300834656,253.02221399799978,0.07645940780639648,0.07603270800001383,254.50302600860596,252.92582742499778,0.9964285714285714,0.011766771785914898,560,0.011766771785914898,0.9964285714285714
42,0.36134453781512604,1344,59.251105792,11.7,0.0,0.0,0.12607026100158691,0.12532967900000358,332.51267862319946,329.99018072299896,0.025693655014038086,0.02547383399996761,77.66096878051758,76.72929869399907,0.10031962394714355,0.09980254800001376,254.7055926322937,253.1220165459998,0.10028076171875,0.0997664359999817,254.6033067703247,253.02559386099776,0.9936548223350253,0.014150107279419899,788,0.014150107279419899,0.9936548223350253
43,0.3697478991596639,1376,59.251105792,11.7,0.0,0.0,0.11539983749389648,0.11474417599998787,332.62807846069336,330.10492489899895,0.027246952056884766,0.027029946000027394,77.68821573257446,76.7563286399991,0.088104248046875,0.08766761099997211,254.79369688034058,253.20968415699977,0.08806920051574707,0.08763428299999987,254.69137597084045,253.11322814399776,0.9941860465116279,0.010560627095401287,688,0.010560627095401287,0.9941860465116279
44,0.37815126050420167,1408,59.251105792,11.7,0.0,0.0,0.09453463554382324,0.09395435599998336,332.7226130962372,330.19887925499893,0.022806167602539062,0.022625734000030207,77.711021900177,76.77895437399913,0.07167458534240723,0.0712810990000321,254.86537146568298,253.2809652559998,0.0716395378112793,0.07124896700003092,254.76301550865173,253.1844771109978,1.0,0.008106890134513378,524,0.008106890134513378,1.0
45,0.3865546218487395,1440,59.251105792,11.7,0.0,0.0,0.11884498596191406,0.11816278700001703,332.8414580821991,330.31704204199895,0.02506279945373535,0.024873312000011083,77.73608469963074,76.80382768599914,0.0937349796295166,0.09324399100000846,254.9591064453125,253.3742092469998,0.09370136260986328,0.09321231100000205,254.8567168712616,253.2776894219978,0.9904632152588556,0.018912876024842262,734,0.018912876024842262,0.9904632152588556
46,0.3949579831932773,1472,59.251105792,11.7,0.0,0.0,0.08722043037414551,0.08666048700001738,332.92867851257324,330.40370252899896,0.021834850311279297,0.021669060000022,77.75791954994202,76.82549674599916,0.06533122062683105,0.06494580399998995,255.02443766593933,253.4391550509998,0.06529760360717773,0.06491420700001527,254.92201447486877,253.3426036289978,1.0,0.0034245133865624666,452,0.0034245133865624666,1.0
47,0.40336134453781514,1504,59.251621888,11.7,0.0,0.0,0.0781087875366211,0.07762308499997062,333.00678730010986,330.48132561399893,0.021776676177978516,0.021611402000019098,77.77969622612,76.84710814799918,0.05628657341003418,0.05596776400000181,255.08072423934937,253.4951228149998,0.056255340576171875,0.05593805899997051,254.97826981544495,253.39854168799778,0.9945054945054945,0.014542825520038605,364,0.014542825520038605,0.9945054945054945
48,0.4117647058823529,1536,59.252338688,11.7,0.0,0.0,0.11715149879455566,0.11647424400001682,333.1239387989044,330.59779985799895,0.024803876876831055,0.024617389000013645,77.80450010299683,76.8717255369992,0.0923006534576416,0.09181213400000843,255.173024892807,253.5869349489998,0.09226584434509277,0.0917795380000257,255.07053565979004,253.4903212259978,0.9917127071823204,0.030144626274704933,724,0.030144626274704933,0.9917127071823204
49,0.42016806722689076,1568,59.252473856,11.7,0.0,0.0,0.11859869956970215,0.11790239200001906,333.2425374984741,330.71570224999897,0.02885603904724121,0.028646155999979328,77.83335614204407,76.90037169299917,0.08969593048095703,0.08921139099999209,255.26272082328796,253.6761463399998,0.0896604061126709,0.08917834400000402,255.1601960659027,253.5794995699978,0.9913544668587896,0.02598816715180874,694,0.02598816715180874,0.9913544668587896
50,0.42857142857142855,1600,59.25296128,11.7,0.0,0.0,0.11556553840637207,0.11490651299999399,333.3581030368805,330.83060876299896,0.02438640594482422,0.02421039699999028,77.85774254798889,76.92458208999916,0.09113407135009766,0.09065306299999065,255.35385489463806,253.7667994029998,0.09109854698181152,0.09062011599996822,255.25129461288452,253.67011968599778,0.9872881355932204,0.04035459831357002,708,0.04035459831357002,0.9872881355932204
51,0.4369747899159664,1632,59.253477376,11.7,0.0,0.0,0.09699749946594238,0.09640623299998197,333.45510053634644,330.92701499599895,0.02237677574157715,0.022203152999964004,77.88011932373047,76.94678524299913,0.07457208633422852,0.07415720799997416,255.4284269809723,253.84095661099977,0.0745391845703125,0.07412595200003125,255.32583379745483,253.7442456379978,0.996415770609319,0.017836572602391243,558,0.017836572602391243,0.996415770609319
52,0.44537815126050423,1664,59.253477376,11.7,0.0,0.0,0.07925701141357422,0.07875314500000741,333.53435754776,331.00576814099895,0.021035194396972656,0.020869846999971742,77.90115451812744,76.9676550899991,0.05817389488220215,0.057837855999991916,255.4866008758545,253.89879446699976,0.05814218521118164,0.05780797799997117,255.38397598266602,253.80205361599778,1.0,0.006030204705893993,394,0.006030204705893993,1.0
53,0.453781512605042,1696,59.416399872,11.7,0.0,0.0,0.10335731506347656,0.10272806900002251,333.6377148628235,331.108496209999,0.022696256637573242,0.0225244989999851,77.92385077476501,76.99017958899908,0.08061456680297852,0.08015900600003079,255.56721544265747,253.9789534729998,0.08057785034179688,0.08012460499998042,255.4645538330078,253.88217822099776,1.0,0.0037190557923167944,596,0.0037190557923167944,1.0
54,0.46218487394957986,1728,59.363631104,11.7,0.0,0.0,0.0828404426574707,0.0822981510000318,333.72055530548096,331.190794360999,0.022476673126220703,0.022290621000024657,77.94632744789124,77.01247020999911,0.06030917167663574,0.05995655999998917,255.6275246143341,254.03891003299978,0.060273170471191406,0.05992223699996657,255.524827003479,253.94210045799773,0.9803921568627451,0.06863421946763992,408,0.06863421946763992,0.9803921568627451
55,0.47058823529411764,1760,59.3641472,11.7,0.0,0.0,0.10535097122192383,0.10470925200002057,333.8259062767029,331.295503612999,0.02452874183654785,0.024332289000028595,77.97085618972778,77.03680249899914,0.08077478408813477,0.08033086099999309,255.70829939842224,254.11924089399977,0.08073878288269043,0.08029719999996132,255.6055657863617,254.0223976579977,0.9966442953020134,0.020210644230246544,596,0.020210644230246544,0.9966442953020134
56,0.4789915966386555,1792,59.376533504,11.7,0.0,0.0,0.12798428535461426,0.12722097899995788,333.9538905620575,331.422724591999,0.030071735382080078,0.029842544000018734,78.00092792510986,77.06664504299916,0.09786558151245117,0.09733352699998932,255.8061649799347,254.21657442099976,0.09782886505126953,0.09729908500003148,255.70339465141296,254.11969674299772,0.9920212765957447,0.020370274782180786,752,0.020370274782180786,0.9920212765957447
57,0.48739495798319327,1824,59.416367104,11.7,0.0,0.0,0.10899186134338379,0.10834149900000511,334.0628824234009,331.531066090999,0.023810625076293945,0.02360942199999272,78.02473855018616,77.09025446499915,0.0851292610168457,0.08468335699996032,255.89129424095154,254.30125777799972,0.08509087562561035,0.08464759100002084,255.78848552703857,254.20434433399774,0.9984615384615385,0.006835331674665213,650,0.006835331674665213,0.9984615384615385
58,0.4957983193277311,1856,59.425984512,11.7,0.0,0.0,0.0809011459350586,0.08042293200003314,334.14378356933594,331.611489022999,0.020965099334716797,0.020791282000004685,78.04570364952087,77.11104574699915,0.05988645553588867,0.05958450600002152,255.95118069648743,254.36084228399974,0.05985093116760254,0.0595511679999845,255.84833645820618,254.26389550199772,1.0,0.00764520512893796,408,0.00764520512893796,1.0
59,0.5042016806722689,1888,59.450892288,11.7,0.0,0.0,0.10205221176147461,0.10143381000000318,334.2458357810974,331.712922832999,0.023581504821777344,0.023391951000007793,78.06928515434265,77.13443769799916,0.07842183113098145,0.07799504400003343,256.0296025276184,254.43883732799978,0.0783841609954834,0.07795966300000146,255.92672061920166,254.34185516499772,0.9913494809688581,0.022705981507897377,578,0.022705981507897377,0.9913494809688581
60,0.5126050420168067,1920,59.476135936,11.7,0.0,0.0,0.11124587059020996,0.11056211999999732,334.3570816516876,331.823484952999,0.02495741844177246,0.024754616999985046,78.09424257278442,77.15919231499915,0.08623862266540527,0.08576019200000928,256.1158411502838,254.5245975199998,0.08620238304138184,0.08572613699999465,256.01292300224304,254.42758130199772,0.9984276729559748,0.006346960552036762,636,0.006346960552036762,0.9984276729559748
61,0.5210084033613446,1952,59.493679104,11.7,0.0,0.0,0.08851242065429688,0.08797276299998202,334.4455940723419,331.911457715999,0.021848678588867188,0.02167239399994969,78.11609125137329,77.1808647089991,0.06661653518676758,0.06625494399997933,256.1824576854706,254.59085246399977,0.06658077239990234,0.06622162100001106,256.07950377464294,254.49380292299773,0.9874476987447699,0.03309188783168793,478,0.03309188783168793,0.9874476987447699
62,0.5294117647058824,1984,59.512582144,11.7,0.0,0.0,0.11277961730957031,0.11208939200002987,334.5583736896515,332.02354710799904,0.028139591217041016,0.027903307999963545,78.14423084259033,77.20876801699906,0.08459067344665527,0.08413932199999863,256.26704835891724,254.67499178599977,0.0845479965209961,0.08410332200003268,256.16405177116394,254.57790624499776,1.0,0.005175162106752396,638,0.005175162106752396,1.0
63,0.5378151260504201,2016,59.531485184,11.7,0.0,0.0,0.10874581336975098,0.1080866419999893,334.66711950302124,332.131633749999,0.023323535919189453,0.02314164299997401,78.16755437850952,77.23190965999903,0.08536720275878906,0.08489721100005454,256.352415561676,254.75988899699982,0.08533120155334473,0.08486293499998965,256.2493829727173,254.66276917999775,1.0,0.006104207597672939,650,0.006104207597672939,1.0
64,0.5462184873949579,2048,59.548291072,11.7,0.0,0.0,0.08751392364501953,0.08697277599998188,334.75463342666626,332.218606525999,0.021586894989013672,0.021417200999962915,78.18914127349854,77.253326860999,0.06587719917297363,0.06550900700000284,256.418292760849,254.82539800399982,0.06584000587463379,0.06547420699996565,256.3152229785919,254.72824338699772,0.989451476793249,0.049287471920251846,474,0.049287471920251846,0.989451476793249
65,0.5546218487394958,2080,59.638370304,11.7,0.0,0.0,0.08959579467773438,0.08903772100001106,334.844229221344,332.307644246999,0.021886348724365234,0.02172224800000322,78.2110276222229,77.275049108999,0.06765913963317871,0.06726694399998223,256.4859519004822,254.8926649479998,0.06762099266052246,0.06723220399999263,256.38284397125244,254.7954755909977,0.9958677685950413,0.02123873680830002,484,0.02123873680830002,0.9958677685950413
66,0.5630252100840336,2112,59.68889856,11.8,0.0,0.0,0.0821681022644043,0.08160095499999898,334.9263973236084,332.389245201999,0.02224898338317871,0.02203348199998345,78.23327660560608,77.29708259099898,0.05986285209655762,0.05951452900001186,256.54581475257874,254.95217947699982,0.059824466705322266,0.059478618000014194,256.44266843795776,254.85495420899773,1.0,0.001780279097147286,396,0.001780279097147286,1.0
67,0.5714285714285714,2144,59.614425088,11.7,0.0,0.0,0.10074353218078613,0.1001268199999572,335.0271408557892,332.489372021999,0.023050785064697266,0.022867260000055012,78.25632739067078,77.31994985099904,0.07764291763305664,0.07721194200001946,256.6234576702118,255.02939141899984,0.0776052474975586,0.0771763460000443,256.5202736854553,254.93213055499777,0.9965034965034965,0.007294965907931328,572,0.007294965907931328,0.9965034965034965
68,0.5798319327731093,2176,59.727609856,11.8,0.0,0.0,0.15419840812683105,0.15330312100002175,335.181339263916,332.642675142999,0.03165936470031738,0.031393050999952266,78.2879867553711,77.35134290199899,0.12248396873474121,0.12185818699998663,256.74594163894653,255.15124960599982,0.12244582176208496,0.12182266099995331,256.6427195072174,255.05395321599772,0.9850894632206759,0.05250874534249306,1006,0.05250874534249306,0.9850894632206759
69,0.5882352941176471,2208,59.736367104,11.8,0.0,0.0,0.11138129234313965,0.11072089700002152,335.29272055625916,332.753396039999,0.025236845016479492,0.025047932999996192,78.31322360038757,77.37639083499899,0.08609461784362793,0.08562602899996818,256.83203625679016,255.2368756349998,0.08605742454528809,0.08559076899996398,256.7287769317627,255.1395439849977,0.996875,0.012300010770559311,640,0.012300010770559311,0.996875
70,0.5966386554621849,2240,59.808391168,11.8,0.0,0.0,0.11602592468261719,0.1153507860000218,335.4087464809418,332.86874682599904,0.022939205169677734,0.022759253999993234,78.33616280555725,77.39915008899898,0.09303712844848633,0.09254393399999117,256.92507338523865,255.32941956899978,0.09300112724304199,0.09250972400002411,256.82177805900574,255.2320537089977,1.0,0.0032855861354619265,744,0.0032855861354619265,1.0
71,0.6050420168067226,2272,59.862581248,11.8,0.0,0.0,0.08983945846557617,0.08928269299997282,335.49858593940735,332.958029518999,0.022199630737304688,0.022025880000001052,78.35836243629456,77.42117596899898,0.06759166717529297,0.0672100929999715,256.99266505241394,255.39662966199975,0.06755375862121582,0.06717493299998978,256.88933181762695,255.2992286419977,0.9979838709677419,0.010931316763162613,496,0.010931316763162613,0.9979838709677419
72,0.6134453781512605,2304,59.926245376,11.8,0.0,0.0,0.09809422492980957,0.09746819499997628,335.59668016433716,333.055497713999,0.023456096649169922,0.023266336999995474,78.38181853294373,77.44444230599898,0.07458829879760742,0.07415474900000163,257.06725335121155,255.47078441099976,0.07455182075500488,0.07412030200003983,256.96388363838196,255.37334894399774,1.0,0.005634470377117395,544,0.005634470377117395,1.0
73,0.6218487394957983,2336,59.974668288,11.8,0.0,0.0,0.07888460159301758,0.07835431299997708,335.6755647659302,333.13385202699897,0.021536588668823242,0.021356232000016462,78.40335512161255,77.46579853799899,0.05729866027832031,0.05695177000001195,257.12455201148987,255.52773618099977,0.057263851165771484,0.056919500000049084,257.02114748954773,255.4302684439978,0.9920212765957447,0.01491602323949337,376,0.01491602323949337,0.9920212765957447
74,0.6302521008403361,2368,60.0546304,11.8,0.0,0.0,0.1296689510345459,0.1289169219999735,335.8052337169647,333.26276894899894,0.02997899055480957,0.029746516999978212,78.43333411216736,77.49554505499897,0.09964203834533691,0.09912493600000971,257.2241940498352,255.62686111699978,0.09960532188415527,0.09909101199997394,257.1207528114319,255.52935945599776,1.0,0.004185122437775135,778,0.004185122437775135,1.0
75,0.6386554621848739,2400,60.121997312,11.8,0.0,0.0,0.10842776298522949,0.10774709000003213,335.91366147994995,333.37051603899897,0.02399730682373047,0.023804800999982945,78.45733141899109,77.51934985599895,0.08437943458557129,0.08389383899998393,257.3085734844208,255.71075495599976,0.08434295654296875,0.0838596279999706,257.20509576797485,255.61321908399773,1.0,0.004054520279169083,628,0.004054520279169083,1.0
76,0.6470588235294118,2432,60.197773312,11.9,0.0,0.0,0.12132048606872559,0.1206123030000299,336.0349819660187,333.491128341999,0.025194406509399414,0.0250011459999655,78.48252582550049,77.54435100199892,0.09607625007629395,0.09556365600002437,257.40464973449707,255.80631861199979,0.09603381156921387,0.09552899800002024,257.30112957954407,255.70874808199775,0.9933510638297872,0.021871959790587425,752,0.021871959790587425,0.9933510638297872
77,0.6554621848739496,2464,60.367486976,11.9,0.0,0.0,0.10860586166381836,0.10795470900001192,336.1435878276825,333.599083050999,0.022894859313964844,0.022715646999984074,78.50542068481445,77.5670666489989,0.0856618881225586,0.08519225100002359,257.49031162261963,255.8915108629998,0.08562588691711426,0.08515830999999707,257.3867554664612,255.79390639199775,0.9984756097560976,0.008066526614129543,656,0.008066526614129543,0.9984756097560976
78,0.6638655462184874,2496,60.449378304,11.9,0.0,0.0,0.12724566459655762,0.1265029609999715,336.27083349227905,333.725586011999,0.026015281677246094,0.025810207000006358,78.5314359664917,77.59287685599891,0.10117983818054199,0.10064485499998455,257.59149146080017,255.9921557179998,0.10114240646362305,0.10060999399996717,257.4878978729248,255.89451638599772,0.9987277353689568,0.0073566315695643425,786,0.0073566315695643425,0.9987277353689568
79,0.6722689075630253,2528,60.51063808,11.9,0.0,0.0,0.09551453590393066,0.09493753900000002,336.366348028183,333.820523550999,0.022249221801757812,0.022070471000006364,78.55368518829346,77.61494732699892,0.07321429252624512,0.0728188129999694,257.6647057533264,256.06497453099973,0.07317757606506348,0.07278412099998377,257.56107544898987,255.9673005069977,1.0,0.007276552263647318,550,0.007276552263647318,1.0
80,0.680672268907563,2560,60.595224576,11.9,0.0,0.0,0.1267867088317871,0.12605464300003177,336.49313473701477,333.946578193999,0.02882981300354004,0.028616560999978446,78.582515001297,77.6435638879989,0.09790730476379395,0.09739031899999873,257.7626130580902,256.16236484999973,0.09786844253540039,0.09735430300003145,257.65894389152527,256.0646548099977,1.0,0.005129667464643717,760,0.005129667464643717,1.0
81,0.6890756302521008,2592,60.672393216,11.9,0.0,0.0,0.11583590507507324,0.11513484299996435,336.60897064208984,334.061713036999,0.02508997917175293,0.024883122999995066,78.60760498046875,77.66844701099889,0.09069323539733887,0.0902016819999858,257.85330629348755,256.2525665319997,0.09065556526184082,0.09016696699995919,257.7495994567871,256.15482177699766,0.9956521739130435,0.013720826245844364,690,0.013720826245844364,0.9956521739130435
82,0.6974789915966386,2624,60.81677312,12.0,0.0,0.0,0.11107826232910156,0.11039993499997536,336.72004890441895,334.17211297199896,0.025025129318237305,0.02483322899996665,78.63263010978699,77.69328023999886,0.08600234985351562,0.08551846000000296,257.93930864334106,256.3380849919997,0.08596372604370117,0.08548237100001188,257.8355631828308,256.2403041479977,0.9937106918238994,0.015241662971675396,636,0.015241662971675396,0.9937106918238994
83,0.7058823529411765,2656,60.889219072,12.0,0.0,0.0,0.08784937858581543,0.08726296300000058,336.80789828300476,334.25937593499896,0.022895097732543945,0.022691253000004963,78.65552520751953,77.71597149299886,0.06490302085876465,0.06452315900003214,258.00421166419983,256.40260815099975,0.0648646354675293,0.0644868580000093,257.90042781829834,256.3047910059977,0.9931506849315068,0.02265492081642151,438,0.02265492081642151,0.9931506849315068
84,0.7142857142857143,2688,61.129592832,12.0,0.0,0.0,0.10972404479980469,0.10899892800000544,336.91762232780457,334.36837486299896,0.0249483585357666,0.024723585999993247,78.6804735660553,77.74069507899885,0.08472418785095215,0.08422578900001554,258.0889358520508,256.48683393999977,0.0846860408782959,0.08419020799999544,257.98511385917664,256.3889812139977,0.9857594936708861,0.049262866377830505,632,0.049262866377830505,0.9857594936708861
85,0.7226890756302521,2720,61.396754432,12.1,0.0,0.0,0.11268186569213867,0.11197412699999632,337.0303041934967,334.48034898999896,0.024768829345703125,0.024569314000018494,78.705242395401,77.76526439299887,0.08785295486450195,0.08735281499997427,258.1767888069153,256.57418675499974,0.0878148078918457,0.08731680300002154,258.0729286670685,256.4762980169977,0.9984567901234568,0.0046282680705189705,648,0.0046282680705189705,0.9984567901234568
86,0.7310924369747899,2752,61.570220032,12.1,0.0,0.0,0.08476877212524414,0.08417866800004958,337.11507296562195,334.564527657999,0.021517276763916016,0.02132246200000054,78.72675967216492,77.78658685499887,0.06319713592529297,0.0628057179999928,258.2399859428406,256.63699247299974,0.06315779685974121,0.06276853899998969,258.1360864639282,256.5390665559977,0.9931192660550459,0.024617964401841164,436,0.024617964401841164,0.9931192660550459
87,0.7394957983193278,2784,61.835362304,12.2,0.0,0.0,0.08663678169250488,0.08605532400002858,337.20170974731445,334.65058298199904,0.02613234519958496,0.0259138860000121,78.7528920173645,77.81250074099889,0.06045031547546387,0.060090406000028906,258.30043625831604,256.69708287899977,0.06041288375854492,0.06005537799995864,258.19649934768677,256.59912193399765,0.9974619289340102,0.008268779143691063,394,0.008268779143691063,0.9974619289340102
88,0.7478991596638656,2816,61.909635072,12.2,0.0,0.0,0.11244034767150879,0.11174921299999596,337.31415009498596,334.76233219499903,0.025097370147705078,0.024896523999984765,78.7779893875122,77.83739726499887,0.08729338645935059,0.08680533099999366,258.3877296447754,256.78388820999976,0.08725571632385254,0.0867699830000106,258.2837550640106,256.68589191699766,0.9925149700598802,0.019043905660510063,668,0.019043905660510063,0.9925149700598802
89,0.7563025210084033,2848,61.909127168,12.2,0.0,0.0,0.096221923828125,0.09557827599996926,337.4103720188141,334.857910470999,0.022605180740356445,0.02239086400004453,78.80059456825256,77.85978812899891,0.07355713844299316,0.07313554699999258,258.4612867832184,256.85702375699975,0.07351827621459961,0.07309905699997898,258.3572733402252,256.75899097399764,0.9962406015037594,0.007026689127087593,532,0.007026689127087593,0.9962406015037594
90,0.7647058823529411,2880,61.65458944,12.1,0.0,0.0,0.1158134937286377,0.11510401699996464,337.5261855125427,334.97301448799897,0.02389359474182129,0.023686431999976776,78.82448816299438,77.88347456099889,0.09186363220214844,0.09136483300000009,258.55315041542053,256.94838858999975,0.09182429313659668,0.09132835899998781,258.4490976333618,256.8503193329976,0.9957627118644068,0.009988007135689259,708,0.009988007135689259,0.9957627118644068
91,0.773109243697479,2912,61.654974464,12.1,0.0,0.0,0.09872007369995117,0.09808661699997856,337.6249055862427,335.07110110499895,0.02223968505859375,0.022044612999991386,78.84672784805298,77.90551917399888,0.0764322280883789,0.07599595599998565,258.6295826435089,257.02438454599974,0.07639551162719727,0.07596176800001331,258.525493144989,256.92628110099764,1.0,0.002578225452452898,566,0.002578225452452898,1.0
92,0.7815126050420168,2944,61.654974464,12.1,0.0,0.0,0.08094596862792969,0.08042977600001677,337.7058515548706,335.15153088099896,0.021394968032836914,0.021231117000013455,78.86812281608582,77.9267502909989,0.059505462646484375,0.05915450800000599,258.6890881061554,257.08353905399974,0.05947089195251465,0.059122332000015376,258.5849640369415,256.98540343299766,1.0,0.006221659015864134,398,0.006221659015864134,1.0
93,0.7899159663865546,2976,61.655236608,12.1,0.0,0.0,0.1292266845703125,0.1284276220000038,337.8350782394409,335.27995850299897,0.02865767478942871,0.028432787999975062,78.89678049087524,77.95518307899887,0.10051655769348145,0.09994559699998717,258.7896046638489,257.18348465099973,0.10047721862792969,0.09990883099999337,258.68544125556946,257.08531226399765,0.9987373737373737,0.0058469087816774845,792,0.0058469087816774845,0.9987373737373737
94,0.7983193277310925,3008,61.655236608,12.1,0.0,0.0,0.09312748908996582,0.09252826399995229,337.9282057285309,335.3724867669989,0.023041725158691406,0.02284252499998729,78.91982221603394,77.97802560399886,0.07003331184387207,0.06963623600000801,258.85963797569275,257.25312088699974,0.06999564170837402,0.06960119199999326,258.75543689727783,257.15491345599764,0.9917695473251029,0.016024067997932434,486,0.016024067997932434,0.9917695473251029
95,0.8067226890756303,3040,61.655805952,12.1,0.0,0.0,0.0840458869934082,0.08347426799997493,338.0122516155243,335.4559610349989,0.02210545539855957,0.021920410000006996,78.9419276714325,77.99994601399887,0.06188702583312988,0.06150358000002143,258.9215250015259,257.31462446699976,0.06185007095336914,0.061468843000000106,258.8172869682312,257.21638229899764,0.9856459330143541,0.049128398299217224,418,0.049128398299217224,0.9856459330143541
96,0.8151260504201681,3072,61.656260608,12.1,0.0,0.0,0.08260512351989746,0.08204741999998078,338.0948567390442,335.5380084549989,0.021897077560424805,0.021707961999993586,78.96382474899292,78.02165397599886,0.060654401779174805,0.06028866599996263,258.98217940330505,257.3749131329997,0.06061697006225586,0.06025386400000343,258.87790393829346,257.27663616299765,0.9925742574257426,0.018361501395702362,404,0.018361501395702362,0.9925742574257426
97,0.8235294117647058,3104,61.657088,12.1,0.0,0.0,0.08754277229309082,0.08694764000000532,338.1823995113373,335.6249560949989,0.022896766662597656,0.022699193999983436,78.98672151565552,78.04435316999884,0.06459522247314453,0.06420040199998311,259.0467746257782,257.4391135349997,0.06455802917480469,0.06416550900001994,258.94246196746826,257.34080167199767,0.9953488372093023,0.01702158898115158,430,0.01702158898115158,0.9953488372093023
98,0.8319327731092437,3136,61.657800704,12.1,0.0,0.0,0.11594343185424805,0.11525323000000753,338.2983429431915,335.7402093249989,0.024663209915161133,0.024471938000033333,79.01138472557068,78.06882510799888,0.09123015403747559,0.09073348699996586,259.1380047798157,257.5298470219997,0.09119248390197754,0.09069830900000397,259.03365445137024,257.43149998099767,1.0,0.008433844894170761,688,0.008433844894170761,1.0
99,0.8403361344537815,3168,61.658923008,12.1,0.0,0.0,0.0982973575592041,0.09765419100000372,338.39664030075073,335.8378635159989,0.026454925537109375,0.026235016999976324,79.03783965110779,78.09506012499885,0.07178902626037598,0.07136860399998568,259.20979380607605,257.60121562599966,0.07175183296203613,0.0713340230000199,259.1054062843323,257.5028340039977,1.0,0.002670534886419773,518,0.002670534886419773,1.0
100,0.8487394957983193,3200,61.659459584,12.1,0.0,0.0,0.08243465423583984,0.08186729699997386,338.4790749549866,335.91973081299886,0.022122621536254883,0.021918341999992208,79.05996227264404,78.11697846699884,0.0602569580078125,0.059896359999981996,259.27005076408386,257.66111198599964,0.06021904945373535,0.05986100699999497,259.165625333786,257.5626950109977,1.0,0.002264078240841627,394,0.002264078240841627,1.0
101,0.8571428571428571,3232,61.725433856,12.1,0.0,0.0,0.09573101997375488,0.0951041530000225,338.5748059749603,336.0148349659989,0.02355194091796875,0.023363137999979244,79.08351421356201,78.14034160499882,0.07212591171264648,0.07168995200004247,259.3421766757965,257.7328019379997,0.07208871841430664,0.07165505800003302,259.2377140522003,257.6343500689977,0.99800796812749,0.00997574720531702,502,0.00997574720531702,0.99800796812749
102,0.865546218487395,3264,61.768626176,12.1,0.0,0.0,0.12845516204833984,0.1276680069999543,338.70326113700867,336.14250297299884,0.025336503982543945,0.02511008800001946,79.10885071754456,78.16545169299884,0.10306239128112793,0.10250538599996162,259.44523906707764,257.83530732399964,0.10302519798278809,0.10247022000004335,259.3407392501831,257.73682028899776,0.9962962962962963,0.0079834945499897,810,0.0079834945499897,0.9962962962962963
103,0.8739495798319328,3296,61.768163328,12.1,0.0,0.0,0.10824108123779297,0.1076383289999967,338.81150221824646,336.25014130199884,0.02411198616027832,0.023924469000007775,79.13296270370483,78.18937616199885,0.08407330513000488,0.08366458300002932,259.52931237220764,257.9189719069997,0.08403396606445312,0.08362806099995623,259.42477321624756,257.8204483499977,0.9983922829581994,0.006316096056252718,622,0.006316096056252718,0.9983922829581994
104,0.8823529411764706,3328,61.768163328,12.1,0.0,0.0,0.1232767105102539,0.12255685200000244,338.9347789287567,336.37269815399884,0.02521371841430664,0.02501215699999193,79.15817642211914,78.21438831899884,0.09801554679870605,0.0974995590000276,259.62732791900635,258.0164714659997,0.09797811508178711,0.09746457599999303,259.52275133132935,257.9179129259977,0.9907894736842106,0.026326077058911324,760,0.026326077058911324,0.9907894736842106
105,0.8907563025210085,3360,61.768245248,12.1,0.0,0.0,0.10714602470397949,0.10651544199998852,339.0419249534607,336.47921359599883,0.027191877365112305,0.026992984000003162,79.18536829948425,78.24138130299885,0.07990336418151855,0.0794746390000114,259.70723128318787,258.0959461049997,0.07986617088317871,0.07943970700000591,259.6026175022125,257.9973526329977,0.9966101694915255,0.013117515482008457,590,0.013117515482008457,0.9966101694915255
106,0.8991596638655462,3392,61.767983104,12.1,0.0,0.0,0.0881807804107666,0.08761685399997532,339.13010573387146,336.5668304499988,0.021905899047851562,0.02172647899999447,79.2072741985321,78.26310778199884,0.06622624397277832,0.06584422299999915,259.77345752716064,258.1617903279997,0.06618952751159668,0.06580957199997783,259.6688070297241,258.0631622049977,0.9956896551724138,0.019902575761079788,464,0.019902575761079788,0.9956896551724138
107,0.907563025210084,3424,61.767237632,12.1,0.0,0.0,0.11028790473937988,0.10962612700001273,339.24039363861084,336.6764565769988,0.02466559410095215,0.024483754000016233,79.23193979263306,78.28759153599886,0.08557248115539551,0.0850954939999724,259.85903000831604,258.2468858219997,0.08553624153137207,0.08506142600003841,259.7543432712555,258.14822363099773,0.9952076677316294,0.018258731812238693,626,0.018258731812238693,0.9952076677316294
108,0.9159663865546218,3456,61.767241728,12.1,0.0,0.0,0.11293411254882812,0.1122764969999821,339.35332775115967,336.7887330739988,0.02443099021911621,0.024249090000012075,79.25637078285217,78.31184062599887,0.08845329284667969,0.0879800200000318,259.9474833011627,258.3348658419997,0.08841753005981445,0.08794661500002121,259.8427608013153,258.23617024599776,0.9970149253731343,0.012601458467543125,670,0.012601458467543125,0.9970149253731343
109,0.9243697478991597,3488,61.76720896,12.1,0.0,0.0,0.11719799041748047,0.11649074900003598,339.47052574157715,336.90522382299883,0.024991512298583984,0.02478193599995393,79.28136229515076,78.33662256199882,0.09215688705444336,0.0916615609999667,260.03964018821716,258.4265274029997,0.09212040901184082,0.09162752999998247,259.93488121032715,258.32779777599774,0.9941520467836257,0.03248007223010063,684,0.03248007223010063,0.9941520467836257
110,0.9327731092436975,3520,61.76729088,12.1,0.0,0.0,0.10713386535644531,0.1064696230000095,339.5776596069336,337.01169344599884,0.024908065795898438,0.024718460000030973,79.30627036094666,78.36134102199885,0.08217763900756836,0.08170466299998225,260.12181782722473,258.50823206599966,0.08214116096496582,0.08167082200003506,260.0170223712921,258.4094685979978,0.9848484848484849,0.032394349575042725,594,0.032394349575042725,0.9848484848484849
111,0.9411764705882353,3552,61.76823296,12.1,0.0,0.0,0.10581517219543457,0.10516857199996821,339.683474779129,337.1168620179988,0.023587703704833984,0.023392304999958924,79.32985806465149,78.38473332699881,0.08217406272888184,0.08172602600001255,260.2039918899536,258.5899580919997,0.08213591575622559,0.08169001500004924,260.09915828704834,258.4911586129978,0.9983766233766234,0.004839993081986904,616,0.004839993081986904,0.9983766233766234
112,0.9495798319327731,3584,61.776408576,12.1,0.0,0.0,0.11213994026184082,0.11150589800001853,339.79561471939087,337.22836791599883,0.027658939361572266,0.02744644500000959,79.35751700401306,78.41217977199882,0.08442926406860352,0.08401079600002959,260.2884211540222,258.6739688879997,0.08438372611999512,0.08397358199999871,260.18354201316833,258.5751321949978,0.996875,0.006654930766671896,640,0.006654930766671896,0.996875
113,0.957983193277311,3616,61.873127424,12.2,0.0,0.0,0.11352348327636719,0.11281879199998457,339.90913820266724,337.3411867079988,0.025547504425048828,0.025326073000030647,79.38306450843811,78.43750584499885,0.08791685104370117,0.08743731200002003,260.3763380050659,258.7614061999997,0.08787894248962402,0.08740204000002905,260.27142095565796,258.66253423499785,0.9984375,0.005885228980332613,640,0.005885228980332613,0.9984375
114,0.9663865546218487,3648,61.873135616,12.2,0.0,0.0,0.1362152099609375,0.13543712000000596,340.0453534126282,337.4766238279988,0.025157690048217773,0.024956712000005155,79.40822219848633,78.46246255699886,0.11100649833679199,0.11043237500001624,260.4873445034027,258.87183857499974,0.11096954345703125,0.11039785299999494,260.382390499115,258.77293208799784,0.9955849889624724,0.011760900728404522,906,0.011760900728404522,0.9955849889624724
115,0.9747899159663865,3680,61.872705536,12.2,0.0,0.0,0.10103273391723633,0.1004050599999573,340.1463861465454,337.5770288879988,0.02330327033996582,0.0231118780000088,79.4315254688263,78.48557443499887,0.07768011093139648,0.07724608899997065,260.5650246143341,258.9490846639997,0.07764124870300293,0.07720974300002581,260.460031747818,258.85014183099787,0.9965277777777778,0.010706455446779728,576,0.010706455446779728,0.9965277777777778
116,0.9831932773109243,3712,61.872693248,12.2,0.0,0.0,0.10399341583251953,0.10337236300000541,340.25037956237793,337.6804012509988,0.023633480072021484,0.023453977000031045,79.45515894889832,78.5090284119989,0.08031058311462402,0.0798718589999794,260.64533519744873,259.0289565229997,0.08027434349060059,0.07983760499996606,260.5403060913086,258.92997943599784,0.9898648648648649,0.02178654819726944,592,0.02178654819726944,0.9898648648648649
117,0.9915966386554622,3744,61.872758784,12.2,0.0,0.0,0.10796308517456055,0.10729450899998483,340.3583426475525,337.78769575999877,0.024939298629760742,0.02473797499999364,79.48009824752808,78.53376638699889,0.0829763412475586,0.08251141400000961,260.7283115386963,259.1114679369997,0.08294010162353516,0.08247725600000422,260.62324619293213,259.01245669199784,1.0,0.0028723266441375017,594,0.0028723266441375017,1.0
118,1.0,3776,61.872758784,12.2,0.0,0.0,0.012946844100952148,0.012825662000011562,340.37128949165344,337.8005214219988,0.0036406517028808594,0.0036179630000106044,79.48373889923096,78.5373843499989,0.009265422821044922,0.009168244000022696,260.73757696151733,259.1206361809997,0.009236812591552734,0.00914121700003534,260.6324830055237,259.0215979089979,1.0,0.004246831871569157,32,0.004246831871569157,1.0
